Custkey,customer_name,email,phone,address,registration_date
10016609,Michael Saunders,rmoreno@example.com,4308059830,"8150 Elizabeth Pine, Janetfort, IL 35794",2024-06-24
10026081,Alexis Gray,jonesann@example.com,(991)956-9021,"80630 Carpenter Plain, East Shelley, LA 23654",2025-04-25
10005099,Jessica Terry,courtneysmith@example.com,949.906.5019,"6835 Elizabeth Skyway, Lake Cole, CO 41800",2025-05-19
10026606,Richard Kelley,henry27@example.net,+1-973-598-9230,"94699 Ethan Expressway, Calvinside, VT 01364",2024-10-10
10021996,Joann Baker,heatherbrown@example.net,+1-983-444-7473x991,"79915 Dickson Freeway Apt. 179, East James, NJ 05327",2025-05-16
10023793,Maria Smith,rossbrittany@example.net,268-829-6684,"35979 Ross Rue Apt. 144, Rebeccaport, CT 31340",2024-06-08
10019194,Ryan Davis MD,nicoleyoung@example.com,+1-669-381-6642x0659,"625 Robert Highway Apt. 511, New Annatown, VI 56392",2025-01-25
10017036,Angela Dominguez,kimberlyboyd@example.com,001-591-592-7498x21409,"48602 Clinton Village Suite 812, Taylorton, AK 42956",2024-07-18
10023511,Brianna Williams,tammy35@example.org,+1-341-392-9304x03335,"35808 Hahn Mall Suite 453, Lynnland, AS 58442",2024-12-25
10020515,Brent Lopez,qmiller@example.org,333.858.5253x518,"8333 Mckee Estate, Frazierland, DC 27779",2023-11-02
10019812,Andrew Williams,jennifergarcia@example.com,922-497-7874x6518,"55573 Ramos Trail Apt. 464, South Sean, WI 71216",2024-01-17
10022732,Barbara Holland,boydlauren@example.com,670.251.8340x2758,"76688 Mullen Branch Apt. 140, New Rogerside, FL 47889",2024-04-21
10005688,Jennifer Yu,jamesrobert@example.com,001-650-694-8645,"191 Rose Overpass, Smithport, TX 01155",2024-08-04
10022450,Todd Wolf,akennedy@example.net,+1-319-202-6179x9736,"85352 Garcia Drive Suite 667, New Xavier, MS 62864",2024-06-12
10013080,Steven Hill,riverakelly@example.net,769-228-6238x437,"28122 Robertson Squares, Joshuamouth, AZ 90030",2024-07-03
10012422,Michaela Jones,johnsonamber@example.net,(983)739-7912x02813,"6796 Kim Neck, Port Ashleymouth, AR 33829",2024-03-06
10022687,Maria Jackson,boyerjohn@example.net,999-468-4912x18740,"803 Gonzalez Stravenue Suite 648, Brandyville, GU 75623",2024-08-19
10014533,Nicholas Adams,andersonsarah@example.com,+1-824-205-8470x681,"8798 Jennifer Rue, Markshire, WA 31932",2024-08-26
10021283,Samantha Brown,andrewporter@example.org,7885440096,"USNV Cross, FPO AP 36084",2024-10-01
10020672,Tracy Johnson,ricky38@example.net,529.906.9731,"0233 Curtis Gardens, West Jasonfurt, OK 29201",2025-05-13
10013332,William Baker,joneslisa@example.net,+1-555-605-7391x74038,"5747 Oscar Ranch, Garciahaven, NY 08682",2023-12-02
10010865,William Hart,zachary71@example.com,(843)911-7022x95569,"39091 Murphy Greens Apt. 718, Emilystad, LA 54390",2024-09-01
10020080,Katherine Brock,joseph68@example.org,+1-346-635-1074x5447,"00456 Spencer Junction, Port Shannon, RI 72804",2023-11-01
10019664,Lori Byrd,baileycruz@example.com,583.793.8913,"82225 Brenda Manor Suite 982, Nelsonmouth, NE 90168",2024-11-13
10007577,Kelly Williams,qjackson@example.org,+1-966-372-6568,"4786 Robert Port, West Alicia, IA 90087",2024-09-12
10006846,Karen Wood,zpeters@example.org,001-735-523-7186x450,"PSC 5131, Box 8772, APO AE 50955",2024-02-27
10019400,Theresa Kane,thomasmata@example.org,(609)437-5944x52805,"3256 Patrick Fields, North Tinaside, CA 52504",2024-01-30
10014804,Derrick Holder,meyermichele@example.net,733-994-5817x62772,"171 Greene Lodge, Adamsstad, NV 25236",2024-09-06
10002526,Michelle Oneal,steven63@example.com,245.274.7496,"701 Alexandria Pike, Coltonland, PR 16941",2024-08-29
10015267,Derrick Moore,darreneaton@example.net,771.653.5294x24955,"93501 Salazar Views, Riosport, PA 77173",2023-09-11
10000466,Desiree Taylor,judymorris@example.org,+1-959-787-8552x05471,"196 Becker Plain Apt. 193, Saramouth, WA 22342",2023-10-25
10008381,Leslie Allen,emma82@example.com,001-490-639-4214x1513,"232 Joseph Shoal Apt. 819, Jamesmouth, SC 07981",2024-11-19
10025248,Maria Ruiz,jordanmoore@example.org,(697)540-1071x303,"20938 Daniel Islands, Coxchester, WV 54246",2024-01-17
10007457,Geoffrey Carter,hchavez@example.net,323.357.5946x78171,"PSC 0663, Box 1303, APO AP 72644",2024-09-02
10000453,Daniel Stewart,traviszavala@example.org,987.711.8777x28534,"6237 Gardner Via, East Williamburgh, IN 79992",2024-03-17
10009606,Brandi Gutierrez,markcox@example.org,247-288-8852,"103 Janet Views, North Kylehaven, RI 86134",2024-01-16
10002149,Natalie Holmes,hmcdaniel@example.net,2729592975,"2326 Hansen Brooks, Melissaberg, VI 61632",2024-09-06
10021668,Kara Cunningham,kdiaz@example.com,654-341-3520,"8477 Christine Port, Hansenmouth, LA 46033",2023-11-25
10007564,Savannah Coffey,jessicasanchez@example.com,001-324-689-1940x658,"13066 Ryan Landing Suite 586, Lake Chaseburgh, MI 73442",2023-10-03
10016113,Angela Torres,jessicaharrison@example.org,664-893-7771x999,"70853 Douglas Drives Suite 848, East Anthony, ME 84183",2024-12-04
10023244,Sarah Fisher,david76@example.net,+1-474-476-3398x0607,"PSC 0571, Box 7955, APO AA 28047",2025-03-18
10020192,Joshua Butler,iangraham@example.com,001-232-574-3865x070,"155 Gary Harbors Suite 614, West Ryanville, VI 41696",2024-11-10
10025359,Richard Thompson,christian64@example.org,319-553-8025x430,"1614 Jeremy Common, Daltonview, DE 56576",2024-11-19
10021300,Tara Taylor,teresa29@example.org,927.418.2122x0040,"879 Murphy Port, Port Anthonyfort, GA 62410",2023-12-28
10026839,Cindy Bradford,christina63@example.org,5289153905,"525 Alexander Via Suite 129, Rachelstad, FM 50704",2024-10-27
10013252,Lynn Bowman,kimvega@example.org,(391)757-8385x957,"2683 Felicia Dale, Hayesport, PW 97257",2024-06-02
10020332,Ryan Rodriguez,daniel35@example.com,001-222-483-6155x72979,"88851 Maria Court, Shawnaport, ME 53029",2024-08-25
10009676,Veronica Woods,allisonkeller@example.org,(348)942-5296x444,"70019 Johnson Route, Port Stevenborough, AK 30939",2024-06-02
10010906,Justin Rosales,yvonne46@example.org,+1-934-487-9391x5970,"27921 Kim Turnpike Suite 785, North Jason, AK 77446",2023-12-21
10012226,Matthew Odom,cynthiawelch@example.net,6644228677,"585 Lauren Course Suite 680, Rhondabury, MP 17157",2025-03-05
10022456,Jill Armstrong,stewartkayla@example.net,5905032090,"995 Silva Wall, Glennport, TN 69969",2024-10-26
10004245,Brianna Cox,kevin43@example.org,929-858-1937x3608,"23428 Cooper Court Suite 078, New Danielbury, MT 41270",2024-05-18
10015793,Paul Curtis,williamsmichelle@example.net,001-380-704-6323x5011,"32317 Thompson Grove Apt. 759, East Danielland, OK 15776",2025-08-20
10018665,Tasha Liu,kimberlysullivan@example.net,(368)758-8055x8001,"964 Potter Glen, East Joseph, AZ 67882",2024-11-06
10011997,Maria Anderson,amber84@example.com,+1-741-532-7239x3382,"2431 Peterson Valley Apt. 493, North Rachel, AS 31391",2024-03-20
10025288,Michael Jones,leslie57@example.net,+1-775-544-9641x3044,"6924 Tyler Street Apt. 125, South Jasminestad, MP 47056",2024-08-29
10022434,Kathryn Lopez DDS,jonathancase@example.net,351-999-8540x98566,"PSC 6406, Box 7032, APO AE 79610",2024-08-21
10009656,Ryan Nunez,jonesrobert@example.com,001-337-893-6209x51394,"710 Wendy Bypass Suite 810, Melissaborough, NJ 75588",2023-09-19
10021986,Heather Cruz,tbaker@example.org,841.815.7601,"043 Christine Islands Suite 897, Lake Tinafurt, PR 30316",2023-12-18
10016549,Kim Kemp,davidgardner@example.com,+1-741-694-7381x0965,"522 Harris Hill Suite 975, Myersland, MO 21809",2023-10-17
10026532,Jerry Roberts,smithjoseph@example.org,8533293443,"1589 Romero Harbor Suite 106, Kathrynmouth, FL 35125",2023-11-05
10018885,Mark Perez,lynchalicia@example.net,001-240-226-9603x642,"041 Garcia Bypass Apt. 742, Danielberg, MO 40631",2024-01-12
10011521,Christina Paul,lawrencehenry@example.net,831-681-2844,"7507 Brandi Locks, Christopherfurt, ID 69097",2025-08-13
10019909,Mr. Kyle Gibson,lovepaige@example.net,496-712-8550x771,"976 Ross Glen Apt. 592, Boyletown, AZ 14229",2024-08-27
10011870,Corey Flores,nicole32@example.net,637-786-2722,"8719 Paul Mountains Apt. 214, East Glennshire, PA 07079",2025-08-08
10013538,Joanna Oneal,edwardscarmen@example.org,+1-475-427-2794,"75311 Perez Shoals, Port John, OK 84432",2025-01-15
10007591,David Williams,gevans@example.org,248-227-2984x556,"5245 Rachel Courts, Port Timothystad, OR 50488",2025-01-20
10015495,Elizabeth Ellis,williamtaylor@example.com,(944)644-5567,"66811 Morris Divide Apt. 728, Loristad, PA 03285",2024-08-26
10023447,Christopher Lucas,kevin13@example.net,001-318-755-1601,"28590 Adrian Trafficway, Port Paulport, CT 37107",2023-09-01
10021158,Adam Rivera,stephenjackson@example.net,001-649-668-6310x89058,"3772 Gardner Crest, North Sylvia, ID 20148",2024-05-22
10020684,Holly Myers,mariahdeleon@example.org,5949207977,"4915 Parker Haven, East Cherylburgh, IA 29902",2025-07-05
10019617,Catherine Kelly,orozcoandre@example.com,978.506.7819,"5123 Michael Parks, New Oliviaside, AR 71769",2024-12-02
10021006,Jorge Nolan,brandysmith@example.org,218.757.1700,"2220 Julia Mills, Port Roy, FL 67952",2025-02-20
10009863,Danielle Anderson,stephen08@example.com,+1-690-522-3743x6045,"06941 Jackie Pines, Reynoldsborough, NH 46829",2023-11-25
10011052,Tiffany Jordan,jeanettebrown@example.com,(254)947-6903x911,"26808 Matthew Trace, Lake Kevinchester, MI 37790",2024-11-16
10015253,Erica Lutz,melissaserrano@example.com,454.671.7847,"64803 Mcpherson Course Suite 142, Castroton, ME 29106",2025-04-15
10012425,Ryan Hawkins,jorge65@example.com,(338)567-5500x168,"0758 Summers Plains Apt. 750, Justinchester, FM 66263",2024-12-09
10016334,Jacob Johnson,morgandeborah@example.net,+1-538-341-6896x290,"809 Jennifer Park Suite 202, New Meganbury, VT 14654",2024-08-28
10025025,John Whitaker,ksantos@example.com,243-209-4397x4597,"212 Barbara Bridge Apt. 771, Port Lorifort, GU 92371",2024-09-14
10002489,James Simon,lisahawkins@example.net,929.753.1158,"22352 Foster Way Suite 189, Port Ryanchester, TN 27972",2023-09-23
10023471,Brittney Walker,mbass@example.com,+1-767-477-8917x1760,"612 Richard Mission, West Christopherborough, OR 06280",2025-04-18
10025251,Leslie Russell,michelle90@example.net,353-888-5277x2415,"669 Alejandro Villages Apt. 147, Port Rachel, VA 11525",2024-05-16
10021472,James Melendez,kenneth55@example.org,(554)695-4732x00008,"0606 Barrera Green Suite 011, Thompsonport, AR 87510",2023-09-04
10023212,Danielle Jones,heather33@example.net,(498)775-5994,"43877 Lewis Ford Apt. 225, West Alisonborough, NV 92425",2025-02-23
10000488,Shawn Hudson,anthonymacdonald@example.com,(268)381-0154x221,"226 Hale Cliff Suite 258, West Bethland, RI 59411",2023-10-31
10017314,Justin Simmons,vasquezdavid@example.org,(986)367-7432x2116,"495 Johnson Cape Apt. 090, East Jessica, DE 12188",2024-08-01
10022444,John Cain,allenemily@example.net,+1-848-829-3674x741,"00418 Poole Lodge, Garciatown, MS 85555",2024-06-28
10024022,Hunter Johnson,clarkjustin@example.org,482-282-1070x15591,"62536 Tyler Springs Apt. 109, Nicoleburgh, MP 44560",2023-12-10
10007866,Christina Nelson,xcarpenter@example.com,312.778.0109x0379,"05812 John Mews Suite 403, Vincentland, WY 50440",2024-12-14
10008638,Danielle Lee,russell74@example.net,242-432-8966,"929 Evans Crossing, East Johnnyview, ME 81746",2025-01-10
10025267,Danielle Lowe,hurleyzachary@example.com,+1-682-851-4088x785,"10900 Robertson Meadows, East Megan, CA 59653",2023-12-18
10002969,Thomas Anderson,zsmith@example.net,001-661-686-3059,"93445 Green Extensions Apt. 249, Wallerstad, MA 64430",2023-11-01
10026055,Paul Anderson,kimberly09@example.com,807.528.0400,"442 Vaughan Spur, Marquezland, MA 48188",2024-01-21
10017585,Derrick Frazier,marvingardner@example.net,476-687-5074,"15808 Mary Lane Apt. 903, Kristinport, NE 60055",2024-02-03
10002412,Jeffery Smith,crogers@example.org,(769)559-8437x1540,"881 Daniel Trail Apt. 696, Lake Antonio, IN 66131",2024-03-08
10003554,John Houston,rodriguezkelly@example.org,+1-467-341-8044x355,"348 Adam Ridges, New Raymondview, HI 09450",2023-11-17
10025033,Erin Willis,kennedyjeffrey@example.com,745.230.5760,"17344 Sawyer Walk Apt. 631, Lake Reneeborough, OH 38622",2025-02-22
10025300,Justin Nunez,christinefoster@example.com,3955600607,"59268 Allen Inlet, Lake Richard, IN 45698",2023-11-16
10025252,Christopher Barton,randy71@example.org,485.697.3934,"30871 Brenda Dam Apt. 231, Lake Anthonyside, NJ 80700",2025-04-26
10006836,Danielle Rodriguez,hayeskristen@example.org,+1-428-349-4752x333,"967 Michelle Corner Apt. 496, Cartertown, MS 01502",2024-12-22
10012715,Lori Reed,whitecarl@example.org,(628)660-5164,"787 Eddie Burgs Suite 302, Sanchezview, SC 28330",2024-06-13
10002155,Nicholas Irwin,emilywilliams@example.org,913.935.0329x08799,"09083 Ryan Circles Suite 628, Hallshire, WI 45639",2025-02-10
10000471,Kyle Calhoun,kayla85@example.net,576.354.9263x26047,"542 Sylvia Crescent Apt. 277, West Derekfort, VI 45125",2023-11-26
10011355,John Campbell,christina33@example.org,295-935-7724x91678,"48996 Douglas Harbors Suite 986, East Jaredhaven, WV 84677",2025-04-29
10024262,Ronald Costa,susanmiller@example.net,+1-701-756-9561x7275,"84320 Downs Loop, Bryantville, WV 40569",2024-12-06
10025269,Veronica Greene,joshuafritz@example.org,+1-279-396-6889x34101,"048 Hooper Highway, Amyfurt, IL 60366",2024-07-11
10002144,Patrick Tran,reedjeanette@example.org,980.747.2231,"3267 William Parkway Suite 821, Matthewberg, VA 25003",2024-09-19
10018518,Curtis Reyes,jessicawhite@example.net,(692)216-7119x1198,"2014 Haynes Circle Suite 957, Nguyenville, MP 32890",2024-05-08
10025392,Ryan Mcmahon,mary02@example.org,(662)787-2552x53761,"8353 Williams Wall, Tapiaport, MP 08716",2025-07-06
10014471,Michael Scott,matthewalvarez@example.org,+1-918-330-7008x4002,"846 Figueroa Greens Apt. 867, Ramosfurt, ID 69503",2025-04-14
10013572,Thomas Mcgee,jessica72@example.net,001-503-970-2093,"0313 Christian Turnpike, Christopherview, NH 36812",2025-08-20
10023524,Rhonda Mcclure,millerstephen@example.net,531-277-8750,"69088 Jones Mall Suite 361, Port Aaronmouth, VA 25782",2024-11-23
10021175,Michael Cox,jeremythomas@example.net,(551)911-8347x6403,"Unit 0325 Box 2964, DPO AP 86332",2023-10-07
10009643,Traci Taylor,michael72@example.net,671-360-6405,"77162 Kelly Run Suite 171, Lake Bradleyfort, NJ 58061",2025-01-03
10000499,Kelly Rodriguez,april27@example.com,+1-797-461-3751,"2650 James Parks, Timothychester, SC 76580",2024-08-09
10021139,Kevin Miller,markperry@example.net,3955750177,"5715 Jamie Islands Suite 240, Michelleville, DC 51958",2025-07-17
10025034,Jason Jones,robinsonbrian@example.com,001-458-594-9027x0186,"34306 Hudson Club Apt. 126, South Amanda, WY 73361",2025-06-19
10003749,Jessica Lloyd,larry30@example.net,352.245.7989x04457,"7514 Don Throughway Apt. 003, East Geoffrey, NV 93420",2024-08-16
10027340,Kimberly Hernandez DVM,oelliott@example.org,710.548.0168,"4208 Timothy Mission Apt. 283, Lake Gregory, GU 64405",2024-09-16
10021160,Hannah Carlson,uwhite@example.org,7503043782,"294 Wayne Overpass, East Samanthaview, AK 67838",2025-05-01
10006977,Kathleen Chase,alice98@example.net,292.812.0045,"471 Anderson Rapids, Williamshaven, MS 46137",2025-04-18
10000461,Christopher Carr,louis28@example.net,(609)787-8651,"7834 Diana Unions, West Tony, NC 21158",2024-03-29
10020393,Joseph Clark,johnsonkaren@example.org,(664)849-3394,"134 Thomas Run, West Paulaberg, UT 44528",2024-01-13
10017054,Daniel Mitchell,zmclean@example.org,001-860-798-7909,"84302 Nichols Freeway, Glassshire, GA 02311",2024-08-15
10014469,Michael Knox,alexander06@example.net,774-816-0998,"198 Bianca Square, Kingberg, MN 09525",2023-12-21
10002765,Thomas Edwards,larry12@example.com,244.694.8125x032,"USNV Shaffer, FPO AP 86020",2024-12-31
10026365,Bob Thomas,david99@example.net,001-543-745-0404x6186,"0146 Jesse Corner Suite 146, Riddlemouth, MT 92627",2024-03-16
10012761,Wendy Dickerson,lopezdakota@example.com,(763)927-5557,"49113 Randall Garden Suite 162, Lisaton, MA 54762",2025-05-23
10026522,Sharon Porter,suzanne37@example.net,001-912-443-4355,"2341 Sarah Skyway, Smithbury, PW 17990",2025-08-21
10021240,Bridget Black,udavies@example.net,+1-988-871-7241,"Unit 5535 Box 3766, DPO AE 80524",2024-07-16
10021485,Sharon Dean,andersonderek@example.com,984.663.1433x815,"8871 Jeremiah Pine Apt. 561, Port Kayla, AK 42910",2024-06-01
10003882,Gregory Warren,uhernandez@example.org,(789)881-0909,"USCGC Phillips, FPO AE 13118",2024-10-30
10025063,Brian Griffin,taylor76@example.org,(640)613-0354x0381,"PSC 5983, Box 9758, APO AA 68447",2025-01-08
10016780,Julie Brown,grantmary@example.com,621-397-2691x9119,"Unit 2916 Box 5590, DPO AE 39198",2024-01-03
10026355,Claudia Curtis,judith48@example.com,5606291902,"48171 Gonzalez Extensions, Christianbury, UT 39122",2025-06-05
10020266,Matthew Kim,lauren57@example.com,3585732180,"13099 Holmes Court Apt. 354, Joneshaven, TN 02370",2025-02-18
10025549,Michael Middleton,russellbarbara@example.org,5072176258,"548 Bennett Ridges, South Meganstad, DE 48066",2025-01-31
10009650,Alejandro Gray,andersonjohn@example.net,+1-988-789-7737x7440,"314 Lopez Manors Apt. 119, New Fernandoberg, WI 46474",2024-03-06
10009639,Stacy Rodriguez,bclements@example.net,605.914.7218x3910,"3682 Frank Glens, Joyceberg, AZ 72005",2023-11-11
10023757,April Castillo,ncochran@example.org,001-891-914-5292x51080,"USCGC Kelly, FPO AA 93414",2025-04-03
10010970,Ashley Foster,timothy09@example.com,001-228-231-1598x813,"3368 King Parkway, Snowfort, FM 40952",2024-05-29
10013574,Daniel Stephens,nwilson@example.net,001-523-557-6190,"2857 Kimberly Green, South Lawrencemouth, DC 58098",2025-01-20
10004256,Glenn Nichols,natkins@example.net,(852)405-4415x981,"989 Sandra Ports Apt. 822, South Davidmouth, AK 16132",2024-04-29
10000486,Douglas Stanley,hollandmalik@example.net,+1-521-414-2316x871,"70022 Bond Drive, North Craigshire, AZ 95160",2023-11-09
10007123,Gina Martinez,scampbell@example.org,201.988.1012,"687 Jeffrey Stravenue, Cookfort, PW 27815",2024-01-01
10025758,Thomas Barker,sherri91@example.net,998-517-8713,"97738 Howell Mill Suite 302, Port Nancyport, ID 57349",2024-08-16
10017828,Jeffrey French,philipayala@example.com,+1-773-345-9438x2426,"39779 Ellis Grove, Wendyborough, MN 49261",2023-08-25
10020445,John Nichols,heatherbautista@example.net,(687)670-0509x5397,"93764 Lam Mount Suite 520, North Bradhaven, NH 84791",2023-12-25
10025086,Ashley Harris,torreserica@example.com,669-643-2814,"5932 Jessica Lock Apt. 723, Alanview, ME 56304",2024-04-28
10013079,Joseph Brooks,benjamin87@example.com,727-666-6792x44529,"PSC 1420, Box 6628, APO AE 00715",2024-07-24
10026348,Monica Walsh,carrchristian@example.org,2405788842,"6328 Perkins Rapid, North Amberhaven, AR 14916",2025-04-21
10016548,Alex Martin,hineskatherine@example.org,+1-860-663-3010x4640,"7977 Johnson Shore Apt. 241, Bryanburgh, LA 06723",2024-11-03
10008602,Ricky Santos,margaretglover@example.com,(310)581-4586x95378,"177 Joshua Curve, West Robert, ND 50837",2025-03-14
10025353,Amanda Williams,canderson@example.com,(520)747-6817x891,"PSC 8248, Box 7467, APO AA 13889",2024-12-29
10021911,Christine Kelly,timothywatts@example.com,001-331-582-6164,"403 Kent Neck, East Edward, SD 56960",2024-06-26
10005919,Zachary Rogers,dudleymiranda@example.org,+1-445-365-9717x7403,"76648 Melissa Station Apt. 983, Barnesburgh, MN 61765",2025-04-16
10026294,Sara Henry,williamsdaniel@example.org,3429776315,"0740 Valdez Shoals, East Brendaport, OK 66838",2025-01-27
10022240,Jennifer Medina,timothypierce@example.com,+1-881-794-6331x45536,"4479 Turner Branch, Adamsport, VI 60170",2023-12-11
10006862,Tanya Hodge,dbartlett@example.org,(454)497-0724x77821,"5585 Ochoa Forges, South Daniel, ND 12948",2025-06-28
10025737,Brett Bailey,meadowseugene@example.com,636.388.1641,"0920 Hayes Burg, East Alexander, IA 94637",2024-06-23
10000475,Steven Yang,kimberlysnyder@example.net,+1-640-983-3519x7157,"7657 Kimberly Valley, West Stevenborough, ID 14290",2024-06-13
10023275,Maria Davis,josephgraham@example.org,001-863-250-6593x1181,"484 Dawn Plains Apt. 601, East Derrick, MT 85436",2023-09-04
10011198,Pamela Singh,dharding@example.com,+1-994-421-4817x0992,"33201 Robinson Camp, Pattymouth, PA 62431",2023-11-12
10025305,Theresa Bryant,wmorgan@example.com,825.860.0003,"796 Kevin Lodge Suite 199, Anthonyland, LA 43591",2023-11-13
10025158,Michelle Graves,joshuascott@example.net,5884836868,"03449 David Rapid Apt. 465, Jimmyberg, SD 10713",2025-03-11
10024550,Kelly Hansen,erin67@example.com,(935)772-3283x8966,"14862 Beth Bridge, Millerview, NJ 95457",2024-06-20
10022750,Nancy Dixon,kathryntownsend@example.org,9307948815,"3413 Fisher Row, Lake Jordanfort, KS 98693",2025-03-09
10023003,Belinda Boyd,reneejackson@example.com,(926)338-1705x977,"Unit 1055 Box 6007, DPO AE 83005",2025-05-27
10019514,Nicole Watkins,ricardo81@example.org,(797)295-3923x829,"60812 Cervantes Lights Apt. 766, Emilyfurt, IL 75471",2025-06-07
10013397,Diana Hamilton,destiny27@example.com,418-366-1262,"881 Berry Lodge, Garyland, MT 77562",2024-10-17
10021418,Ashley Lamb,destiny40@example.net,001-830-758-3489x3103,"97216 Richmond Mountains Suite 545, South Wanda, HI 00962",2024-08-28
10025771,Kevin Mills,williamrojas@example.com,989.795.1734x55936,"297 Waller Island Suite 613, Port Michaelview, NV 76546",2024-04-15
10009645,Daniel Archer,clarkrebecca@example.com,+1-816-496-4062x9449,"75629 Wolf Curve Suite 619, East Kenneth, ME 45897",2024-10-14
10023964,Brent Ray,andersonmatthew@example.org,(402)471-5862x2652,"287 Munoz Crossing, New Jessicabury, AR 62780",2024-05-20
10014803,Scott Kennedy,cmiller@example.net,001-886-315-3841x65313,"7030 Shea Stravenue Apt. 901, East Keithville, ID 62083",2023-11-30
10024942,Nicholas Flores,robert85@example.net,(494)603-4948,"5250 Ward Island Suite 870, Port Valeriefurt, NV 88532",2025-05-18
10011398,Gregory Livingston,swansonkathleen@example.net,730.992.7019x6320,"501 Richard Locks, Laneborough, AK 30776",2023-09-16
10011981,Tiffany Schneider,taylorchristina@example.net,987.650.1489,"3420 Clifford Stream, West Melissa, MA 29639",2023-12-17
10009631,Sarah Gardner,allisonmalone@example.org,585-975-0727x61261,"188 Owens Lodge Apt. 427, Jessicaberg, NH 43249",2024-11-14
10012157,Alicia Peters,ashleyrodriguez@example.com,+1-454-709-9342x70541,"654 Evelyn Ferry, East Morgan, AS 59776",2025-07-06
10023023,Mr. David Thomas,jgray@example.net,(727)830-5357,"3637 Clayton Stream Suite 570, Port Michael, PR 47643",2024-08-04
10018603,Peter Smith,justin03@example.org,+1-209-457-6002,"05030 Karen Parks, Mccoybury, MD 87507",2023-10-22
10025778,Chad Hernandez,monica69@example.com,(571)404-0256x526,"Unit 3449 Box 0214, DPO AP 30000",2024-05-31
10026438,Kayla Nguyen,jamescharles@example.com,001-889-666-5308,"6621 Scott Corner Suite 683, Velezton, ID 36524",2024-03-29
10022183,Mariah Sanford,scarter@example.org,(386)755-8843,"308 Dustin Curve, Joshuaside, PR 91055",2025-08-20
10021184,Amanda Ferrell,carlos11@example.com,858-541-9961x7267,"0764 Jamie Summit, Brianstad, ND 72353",2023-10-05
10000469,Frances Smith,williamskathryn@example.com,931.323.5383,"358 Steven Pines, Troyview, NC 26461",2024-10-31
10024003,Jesse Clark,timothy86@example.net,(663)517-8108,"5056 Denise Isle, East Steven, WI 21450",2023-12-18
10000478,Hailey Martinez,lalvarado@example.com,676.253.5342x4599,"755 Megan Extension Suite 671, Jasonborough, WY 83293",2025-07-13
10021239,Rachel Smith,cunninghamheather@example.net,220-956-6660x745,"49988 Patrick Flats Apt. 999, Gonzalezmouth, MH 45962",2023-08-26
10024924,James Stout,mcgeerebecca@example.com,523.222.9831,"PSC 1398, Box 5575, APO AA 60816",2024-05-06
10025052,Jeremiah Rosales,jennifer52@example.org,(390)696-5328x85602,"77419 Sara Spur, Robinsonmouth, PA 21994",2025-07-19
10012328,John Jones,fmiller@example.com,457.937.5236x427,"195 Fry Ridge, Smithchester, ME 03292",2024-11-28
10026291,Edward Fletcher,matthewbradley@example.com,001-731-931-0022,"USS Elliott, FPO AE 93926",2025-04-18
10024999,Richard Barrett,ajohnson@example.com,001-337-967-2074x25096,"463 Hamilton Locks Apt. 885, East Susan, DC 65671",2025-01-23
10025032,Matthew Jacobs,nancy98@example.org,3428347870,"2213 Klein Skyway Apt. 019, Amytown, VI 22344",2023-10-18
10016784,Elizabeth Boyd,candace76@example.net,(758)217-3210,"16543 Daugherty Mews Suite 118, Brianfurt, DE 44146",2025-07-24
10013765,Danielle Meyers,raymondmcintyre@example.net,221-439-0075,"375 Andrew Street Suite 709, New Bradleyberg, NJ 57148",2025-06-01
10024743,Timothy Kelly,billy92@example.net,(276)398-7949x417,"Unit 7681 Box 1109, DPO AE 25325",2024-12-20
10014043,Travis Schneider,morgansean@example.org,346.905.4472,"PSC 8090, Box 3389, APO AP 69702",2024-06-04
10000497,Christopher Floyd,carriemills@example.org,+1-812-481-9866x370,"90752 Gilbert Lake Suite 290, West Crystal, ND 83805",2023-11-10
10025467,Patrick Taylor,danielsbrianna@example.net,(327)530-2865x09489,"PSC 6501, Box 0020, APO AE 30906",2024-05-01
10027119,Stephanie Wilson,kaylahoffman@example.com,848-304-6135,"614 Kevin Mission, North Scott, NH 54287",2025-03-07
10025241,Carol Robbins,lori28@example.org,(772)537-4309x3155,"84391 Harold Mountains Apt. 829, New Christopher, UT 39357",2024-06-01
10005376,James Anderson,tami31@example.com,5505751557,"1132 Fitzgerald Hills Apt. 565, Adamberg, MP 13409",2024-03-23
10023241,Kelly Coleman,joseph12@example.org,503.328.3011x7895,"5857 Robert Crossing Suite 493, Allenmouth, MH 31673",2025-01-10
10021422,Pamela Barr,reyeskimberly@example.com,+1-788-892-8328,"6491 Colleen Corner Suite 309, Hopkinsville, NV 60036",2023-11-21
10022423,Jessica White,lcooper@example.net,8602360369,"8929 Margaret Common Apt. 599, New Anne, MD 88046",2024-03-14
10020181,Heather Moore,michaelcallahan@example.org,7652828561,"91174 Thomas Drives, Nguyenmouth, AS 98165",2023-11-14
10004516,Cameron Campbell,patricia78@example.com,(744)515-0596x46708,"7778 Wilson Wall Apt. 627, Walkerbury, ME 80054",2025-05-03
10019900,Linda Sanchez,reyesnoah@example.net,662-317-7432x987,"322 Tucker Mews, East Alexandermouth, CO 81264",2023-12-16
10010887,Steven Johnson,clarkrichard@example.org,682.876.3220,"Unit 1084 Box 8940, DPO AP 48750",2024-12-05
10012161,Amanda Ray,zmanning@example.net,(267)785-4015,"53335 Garcia Throughway Suite 799, North Elizabethport, LA 75272",2025-06-13
10008593,Courtney Malone MD,mary45@example.com,259.315.1423x9111,"61600 Roman Plaza Apt. 913, Floresburgh, OH 33203",2024-04-27
10021750,Terry Roach,kathleen49@example.net,901.652.4013x427,"857 Mcdonald Cliffs Apt. 333, Tonyastad, IA 62633",2024-03-31
10025508,Sergio Collins,michaelsullivan@example.net,675.728.3117x21327,"2747 Jennifer Walk Suite 200, Vegamouth, WV 04896",2024-02-09
10027572,Thomas Ross,haleronald@example.com,544.625.8681x279,"88609 Tamara Estates Suite 833, Lake Elizabeth, DC 51995",2025-01-10
10025061,Jennifer Washington,vancejustin@example.com,225-358-4287,"70083 Cooper Mission Suite 823, Williamsmouth, IL 32636",2024-03-06
10022201,Stephanie Hale,hinesmichael@example.com,001-824-564-4048x30101,"8202 Harrison Junction, East Maria, VI 28002",2024-08-19
10008596,David Williams,hendersonandrew@example.net,+1-208-599-8730,"18728 Perez Parks, Farrellton, DE 39356",2023-10-06
10026334,Monica Bell,jeffreymiles@example.net,+1-226-591-5367,"USNV Brooks, FPO AE 44701",2023-09-02
10009885,James Ellis,jenna71@example.org,+1-441-774-6029x8984,"USCGC Logan, FPO AA 85268",2024-09-11
10014047,Amy Goodman,anthony36@example.net,001-773-379-7102x61442,"255 Randall Center, North Donald, GU 80775",2025-04-25
10019897,Cristian Ray,zwise@example.org,438.497.1086x3548,"PSC 7211, Box 2743, APO AE 56329",2024-02-12
10012234,Juan Smith,zcampos@example.net,553.878.5099x60081,"79114 Katelyn Island, New Justin, DC 09778",2024-04-10
10025022,Renee Anderson,kelseygoodwin@example.org,494.637.6356,"10916 Sanders Isle, South Marcus, WA 71167",2025-07-11
10024477,Richard Flores,markpeters@example.com,261-920-1928x7192,"327 Madison Square Apt. 018, Stevenbury, MD 11673",2024-08-19
10024541,Cindy Rubio,sarahfoster@example.com,2993320842,"48705 Jennifer Fords, Zacharyside, GA 57940",2024-01-29
10001818,John Ingram,jasonsmith@example.org,(303)874-1274,"716 Suzanne Knolls, Chloeport, UT 70839",2024-08-29
10014495,Melissa Butler,apacheco@example.com,001-234-275-6300,"16623 Lori Trail Apt. 746, West Jessicaburgh, MP 64159",2025-05-21
10009647,Tommy Conrad,fhowe@example.net,635-487-3764x5598,"0733 Solomon Islands, Emilyside, NM 52419",2023-08-27
10025024,Timothy Brooks,greyes@example.net,780-300-5902,"083 Tonya Springs, Riggsmouth, MS 49299",2025-02-23
10020962,Kari Buck,mriddle@example.com,001-261-290-8596x29547,"15443 Zachary Mall Apt. 968, Amyhaven, CT 59365",2024-02-13
10018146,Morgan Parker,bonddaniel@example.net,608-356-0641x74707,"913 Wilson Prairie, New Austin, WY 84683",2024-09-13
10020914,Joshua Torres,chinton@example.org,705-430-3280x3565,"3727 Justin Inlet, Lake Charlesfort, NC 94161",2024-02-06
10025583,Samuel Murphy,stevensbobby@example.com,9929611870,"PSC 6566, Box 4248, APO AE 00597",2025-06-19
10000457,Claire Armstrong,fwilliams@example.com,+1-893-916-9309x0254,"468 Pamela Walks, West Cherylmouth, CA 28233",2025-05-03
10014238,Martin Shields,nguyensherry@example.com,001-931-262-2025x2552,"666 David Forge, Davismouth, AK 57699",2024-08-19
10012885,Katherine Cannon,brightbrandy@example.com,892-364-4425x5122,"82850 Susan Highway Apt. 307, North Richardshire, MS 47301",2024-05-24
10021936,Audrey Zimmerman,obell@example.org,+1-966-477-8790x8658,"USNS Rangel, FPO AE 38047",2023-09-07
10012927,Lisa Figueroa,briannakelley@example.net,(900)479-5347x0700,"546 Larry Shoals, Lake Kimstad, NJ 97469",2024-05-05
10016858,Gregory Lin,starktony@example.org,001-264-440-5728,"9961 Samantha Port Apt. 392, Michaelport, OK 71212",2025-06-28
10023221,Michael Grimes,randall12@example.org,209-344-3037,"65762 Roberto Manors Suite 493, West Amytown, MO 96121",2024-06-22
10025040,Scott Herrera,blakecatherine@example.com,794-687-6854x128,"94562 Boyd Fork Suite 705, Nobleside, NV 48190",2025-01-21
10009623,Terri Jones,knoxdaryl@example.com,699-480-6190x700,"8037 Mcconnell Plains Suite 579, West Jessefurt, SC 08116",2024-11-28
10025023,Seth Clark,smoran@example.org,4682906456,"96323 Jennifer Valleys, Willisstad, MT 24121",2024-06-23
10025237,Samuel Smith,wardtroy@example.org,434-768-5677,"5634 Micheal Streets, Reginaville, ND 29936",2024-05-23
10009652,Alan Petty,marynovak@example.net,+1-958-906-7894,"73677 Gray Avenue Suite 252, New Jenniferborough, VA 64560",2024-10-21
10009662,Matthew Suarez,chloe67@example.net,+1-682-603-2735x5751,"031 Juan Stravenue Suite 904, New David, WV 89840",2025-03-08
10000456,Theresa Barry,alexander70@example.net,421-737-1404,"756 Mcdonald Groves Suite 078, West Zacharyfurt, OK 18392",2025-05-11
10006848,Kristi Cline,aaronmercado@example.net,(789)762-5255x7240,"37305 Gregory Trafficway Suite 542, Davidburgh, MT 75594",2025-05-03
10016807,Dawn Harrison,jgarza@example.com,+1-954-956-4471x26668,"00599 Beth Falls Apt. 636, Port Beverlyland, HI 22258",2024-11-30
10025036,Cynthia Rice,reedmichelle@example.org,510.708.7018x4334,"15359 Hurley Plaza Apt. 923, West Jenniferchester, WV 14243",2024-03-07
10019105,Christopher Lewis,carrie85@example.com,9394717335,"PSC 6292, Box 9593, APO AA 86217",2025-04-29
10021415,Scott Turner,cknight@example.org,001-840-393-8213,"113 Amanda Junctions, Floresland, FM 31826",2025-06-07
10011345,Whitney Carter,mclaughlinbradley@example.net,(557)327-2085x89651,"437 Thomas Shores, Conleyview, MH 52396",2024-06-23
10019913,Michael Leonard,qbarron@example.com,(668)947-1224,"9298 Rebecca Radial, South Coreyport, WA 92990",2025-03-14
10023785,Edward Williams,kayla75@example.org,(285)903-0104x76306,"5494 Alan Groves, Lake Alantown, NM 64537",2023-11-22
10022252,Larry Reed,dchavez@example.com,(335)614-2085x470,"4862 Michelle Mews Suite 700, East Dylan, WA 42758",2024-11-30
10004207,Travis Green,travishurst@example.com,670.735.6919,"311 Parrish Groves Apt. 642, South Sharon, MS 83487",2024-12-04
10000481,Tammy Little,ccooper@example.com,977.777.9148x3284,"PSC 9189, Box 5681, APO AP 23700",2025-04-07
10025250,Michelle Morrow,thomassue@example.com,5067006762,"912 Herrera Loop, Dudleyport, NE 36887",2025-02-09
10015783,Dr. Erica Rose DDS,oanderson@example.net,555.927.3523x68035,"089 Clay Village, New Marcfurt, WV 82998",2023-10-08
10026868,Juan Wright,owenjoshua@example.org,570.415.3633x83612,"754 Michelle Drives, Bairdchester, MH 07511",2024-05-06
10007448,Jon Hall,ilopez@example.net,226-219-5141x4474,"0881 Linda Mall Apt. 467, Port Derrick, NM 37760",2024-11-14
10020639,Dana Gillespie,kingshannon@example.net,398.983.1479,"091 Deleon Islands, West Tonya, AK 72170",2024-06-26
10002153,Thomas Turner,tomharris@example.org,+1-490-493-1796x4958,"7493 William Orchard Suite 478, West Jonathan, IN 24527",2024-12-09
10020982,Todd Jensen,millertravis@example.net,+1-500-493-0614,"582 Mccoy Ports Apt. 266, Thorntonmouth, WI 79926",2024-03-08
10010912,Vincent Gonzalez,hernandezjessica@example.net,(273)676-4962x1857,"64917 Robinson Ville Suite 978, South Stevenberg, TX 84950",2025-08-12
10019150,Chad Miller,christopherrobertson@example.net,9778701286,"3229 Miller Knoll, Andrewfurt, NY 72279",2024-10-22
10025049,Kenneth Davis,droberts@example.net,224-328-8789,"879 Angela Course Suite 087, Samuelshire, WY 40375",2024-03-09
10025418,Gregory Beard,lukebrown@example.org,412.740.3085x782,"82967 Brooks Viaduct Apt. 687, West Mark, MN 90108",2025-05-12
10020907,William Walker,nicolefisher@example.org,(571)839-2727x258,"2622 James Prairie, Jonesberg, ND 27914",2024-07-16
10014802,Edward Perry,christieparker@example.com,(928)442-1944x575,"16191 Dorsey Coves, Barbaraborough, VA 76227",2024-02-11
10020448,Katie Hogan,randylogan@example.org,(763)414-4510x7252,"115 Jackson Bypass Suite 298, North Jonathanchester, ND 35371",2024-09-14
10025571,Robert Matthews,joshua06@example.net,+1-571-342-6872x0133,"8395 Amanda Brook, New Erinburgh, VA 86863",2024-12-25
10015789,Kevin Stevenson,joseph63@example.com,(925)295-9443x806,"535 Peterson Centers Apt. 665, Gregburgh, HI 70792",2023-09-18
10013011,Cassie Little,kimberlypeck@example.org,(778)916-1446x8920,"760 Williamson Curve, Hillhaven, GU 76449",2024-07-29
10027082,Mr. Donald Vance DDS,chansen@example.com,697-804-2631x4976,"39317 Page Alley Apt. 353, Port Krystal, MD 19660",2024-05-09
10002159,Jeffrey Luna,alexis44@example.org,791-252-8584,"9146 Thomas Loaf Suite 389, Laraville, ME 62327",2025-04-10
10005043,Kimberly Stanton,romerosusan@example.net,(711)762-0799x60199,"273 Michelle Fords, Adamland, KS 27976",2024-07-01
10025495,Jenna Robinson,frylisa@example.com,(973)369-7833x200,"177 Ross Extensions, West Matthewfurt, WI 26670",2023-11-03
10010886,Mr. Douglas Diaz,zscott@example.com,492.820.7110,"092 Ford Spurs, West Alexanderchester, AK 86895",2025-04-07
10022730,Candace Malone,bhill@example.org,959.455.4305,"152 Martin Pine Apt. 772, South Andrewview, AS 83627",2025-05-12
10027050,Deborah Bailey,lukespencer@example.net,001-585-784-5351,"636 Lee Fords Suite 791, Port Timothy, WV 93249",2024-05-02
10009697,Rebecca Mays,aliciawatkins@example.com,001-282-564-9498x528,"63085 Jeffrey Summit Apt. 234, East Seanhaven, NE 77553",2024-11-17
10014264,Karl Harmon,carmenwood@example.com,593.467.7109,"638 Maurice Groves Suite 026, Terryville, VI 61665",2024-06-06
10019512,Robert Hall,xprice@example.org,5692569976,"674 Norton Ridges, Port Karen, NJ 44415",2025-08-12
10001786,Mark Maldonado,sampsonmichael@example.net,001-206-497-8953x145,"PSC 6735, Box 0523, APO AP 12486",2023-12-17
10020927,Jonathan Stevenson,melissa33@example.net,735-248-3797,"964 Juan Plaza, Woodstad, LA 41285",2024-10-07
10025769,Amber James,qturner@example.com,(270)432-6270,"00649 Richard Camp, North Margaretfort, GU 27634",2023-10-13
10021977,Carlos Johnson,john55@example.org,355.718.2114x8950,"170 James Burg Apt. 780, Ashleyburgh, MO 00936",2024-06-09
10026038,Audrey Garcia,rodriguezcarolyn@example.net,001-494-932-6773x206,"136 Wood Pike Apt. 588, Port Meaganview, MI 75494",2024-08-03
10022746,Kathy Valencia,edwardsjohn@example.net,974-835-9315,"484 Johnson Route Apt. 424, Avilamouth, ME 06854",2025-08-21
10010990,Billy Sims,feliciasmith@example.com,+1-526-684-6093x090,"Unit 3418 Box 9479, DPO AP 02816",2023-12-13
10014540,Christian Robinson,jkramer@example.net,(377)479-0871,"545 Morris Inlet Apt. 303, South Tanya, ME 96543",2025-02-12
10019109,Katelyn Brown,josewest@example.com,(976)944-5288,"15459 Matthews Wells, South Michaelfurt, AR 45116",2024-04-02
10013312,Jamie Fisher,craigbill@example.com,3398766416,"136 Palmer Mountain, Scottburgh, KS 82391",2023-09-08
10020446,Teresa Garcia,gutierrezlisa@example.net,001-372-504-0509x12786,"3955 Robert Street Apt. 827, North Andrew, AZ 33333",2023-12-06
10025552,Cameron Ramsey,robinatkins@example.com,4555862868,"2957 Cheryl Spring, East Jeffrey, VT 31642",2024-08-28
10000501,Jennifer Hale,aaronhansen@example.org,220-324-6565x55707,"73083 Natalie Isle, Jenniferton, LA 74306",2024-03-15
10027583,Henry Rivera,wardmary@example.org,893.559.4196x33392,"275 Hill Port, North Derekland, WA 85612",2023-11-23
10027370,Kristina Mckenzie,mary28@example.com,971.397.1627x4493,"PSC 6052, Box 0958, APO AE 84841",2025-02-20
10002220,Kimberly Fischer,rharris@example.org,684.530.6947x44514,"4752 Randall Avenue Suite 861, New Brookefort, RI 74281",2025-03-24
10016588,Lawrence Sellers,hughesheather@example.com,001-231-857-4600x2903,"155 Vaughan Forge Suite 818, West Jennifer, UT 17813",2025-07-26
10000458,Leah Brady,jasonstewart@example.com,+1-948-799-9972x4251,"PSC 4892, Box 8200, APO AP 39674",2025-05-18
10002244,Ronald Jones,nmorgan@example.org,670.602.4758,"52444 Lisa Roads, North Amyville, ID 27731",2025-06-12
10019879,Sean Roberts,brownjohn@example.com,864.510.4492x6344,"USNS Ball, FPO AP 94909",2024-02-20
10009907,Elaine Gordon,danielsrandy@example.net,(439)252-5592x78679,"354 Jordan Bypass, East Jamesberg, MD 19341",2024-05-24
10003720,Darryl Soto,abrown@example.org,(632)618-3379,"414 Mahoney Skyway Apt. 399, Port Dorothyborough, NY 03609",2024-09-21
10020663,Amanda Wheeler,daniel44@example.net,424.430.5637x806,"88333 Lisa Drives, Dylanville, WI 74881",2025-08-04
10025021,Debbie Hebert,hurstbrian@example.net,733.643.0660x90049,"89638 Eric Ferry, Shannonburgh, CT 89015",2024-08-19
10017290,Manuel Perez,kyle76@example.net,695-462-0689,"578 Gibson Courts, Lewisberg, NE 66344",2025-05-05
10020247,Eric Bishop PhD,shelbysmith@example.org,314.895.3115x7637,"0804 Scott Lakes Suite 536, Morrowside, AL 95522",2025-03-30
10003795,Kimberly Pratt,smithjoseph@example.com,+1-352-343-3592x26895,"0435 Price Fort, Lake Stephenbury, FL 15164",2025-06-06
10025814,Jessica Mitchell,gregoryfox@example.com,(453)202-8735x44892,"852 Gilbert Isle, Tateport, WY 07186",2024-08-24
10000496,Sean Duncan,phillip90@example.com,(427)342-6233,"PSC 8243, Box 2267, APO AE 09567",2024-03-20
10023760,Joseph Romero,dianeatkins@example.org,+1-584-241-0401x608,"136 Alexis Divide Apt. 886, New Diana, DE 10733",2024-10-11
10025298,Jessica Johnson,donaldwilliams@example.net,+1-605-859-0267x91384,"33823 Nicole Mountain Suite 783, North Sophiashire, CO 86972",2024-11-24
10002128,Alexander Evans MD,richardjames@example.com,+1-803-501-8695x8719,"8845 Kim Lodge, Lake Kristinhaven, NJ 02825",2024-04-26
10000480,Brian Daniels,uwhitehead@example.com,001-216-701-5016x7487,"895 Haynes Prairie, Ortizville, MS 26369",2024-09-19
10006037,Matthew Mendoza,heather62@example.org,(279)487-5322x888,"722 West Parkway Suite 111, New Dawn, OK 40952",2025-05-05
10023509,Erika Craig,lisa66@example.net,001-536-601-3602x4476,"6045 Willis Vista Suite 813, New Christopherview, NY 04120",2023-11-12
10024016,Thomas Campos,bergerernest@example.net,(821)417-7909x775,"8429 Jared Rue, Woodsport, MT 88595",2025-02-01
10023235,Jennifer Wang,kristin84@example.com,885.751.5072x1168,"6929 Harris Trafficway, West Anitabury, IL 09789",2024-10-30
10000601,Anthony Cabrera,lkaiser@example.org,001-482-319-7257,"32968 Jones Gateway, South Jenniferville, AS 21801",2024-09-07
10025558,Jordan Harvey,saundersphillip@example.com,217-503-1952,"43577 Gregory Forge Apt. 354, Barbaratown, NH 22659",2025-06-05
10001103,Patricia Simpson,morganfriedman@example.net,+1-450-415-1188x9575,"68346 Steven Square Suite 120, Mayfort, DC 86501",2025-04-19
10018371,Debbie Martin,adam15@example.com,952-337-8683x397,"8350 Moore Shore Apt. 313, Collinsfort, WV 01622",2023-12-21
10011018,Randall Rodriguez,austin55@example.com,555.496.3549x18351,"426 Kristi Courts, East Lauren, OR 53251",2024-03-04
10014810,Tony Dominguez,ldavies@example.org,001-556-410-1038x107,"726 Sparks Common, West Lauren, MN 02042",2024-02-02
10017638,Stephen Robinson,hfleming@example.net,(753)625-0310x7111,"181 King Junction, Port Dale, FL 00604",2024-02-27
10018352,William Smith,adrianturner@example.net,852-694-3351x455,"8618 Robert Springs, Petersonburgh, WV 02888",2024-02-29
10026336,Martin Wolf,halljames@example.com,777.382.4573,"32807 Dean Forks, Robertshaven, AL 11263",2023-10-01
10019665,Rita Nelson,lorrainedean@example.net,(966)992-0184x52452,"2792 Rogers Flats, North Julie, VA 22928",2024-06-11
10023538,Jason Willis,zacharytaylor@example.org,547.539.1837,"626 Ashley Radial, South Adam, IL 99388",2023-12-20
10012305,Wanda Davenport,scottcole@example.org,+1-720-909-1657x13802,"33104 Joseph Via, Barrettfurt, CT 94126",2025-08-04
10024246,Calvin Williams,alexander20@example.net,001-845-978-9794x045,"139 Jacqueline Square Apt. 751, Lake Jenniferland, TN 53178",2024-05-15
10023715,Michael Robinson,faith10@example.com,441-573-2452,"41714 Gutierrez Path, New Stacyshire, PR 03458",2025-05-13
10024930,Wayne Cole,janice22@example.net,+1-270-330-4268x81366,"24405 Mccarthy Views Apt. 921, East Deannachester, PW 41722",2024-07-08
10014739,Maureen Smith,mbryant@example.org,(886)972-5397x24146,"0534 Ramos River, Chenmouth, NV 09859",2024-12-29
10021223,Ashley Rice,kaitlyn92@example.net,7185183043,"27850 Adams Keys Apt. 848, South Jeremiahville, HI 24768",2025-08-13
10026560,Curtis Barker,aarondavis@example.com,001-484-324-3825,"0281 Beth Vista Apt. 851, New Melissa, MP 33241",2023-12-25
10021470,Derrick Jackson,edward19@example.com,964.279.5696x014,"2979 Ward Meadows, Contrerasport, MD 69036",2024-05-13
10019388,Alison Montoya,donaldjimenez@example.com,001-953-705-6500x8964,"0178 Matthews Key Suite 671, Collinhaven, NE 79166",2025-03-05
10027348,Brian Drake,rstewart@example.com,400.392.8531,"027 Zachary Knolls Suite 725, West Patrickton, IN 34099",2024-03-19
10022167,Christopher Henry,jcook@example.net,(531)606-7341x2488,"3501 Oconnor Overpass Suite 134, South Jamesfort, AS 91568",2025-08-16
10012851,Timothy Trevino,sararichard@example.org,821-687-5544x2559,"5959 Monica Run Apt. 526, Burgesstown, TN 25259",2025-04-22
10021736,Benjamin Parker,jonesrobert@example.net,+1-277-556-6672,"USCGC Castillo, FPO AE 67700",2023-12-21
10024880,Lisa Miller,robert47@example.net,432-797-1914,"863 Wood Plaza, Lake Donaldview, WV 17812",2024-05-27
10014779,Kimberly Phillips,mblack@example.org,+1-336-844-6184x65007,"209 Nicholson Plaza Suite 188, Lake Amanda, MH 05554",2024-06-04
10002136,Patricia Anderson,mariotaylor@example.net,290.484.8873x52001,"724 Sellers Overpass Apt. 686, Jenniferland, NJ 34550",2024-03-16
10010882,Jenna Brown,spencerrobert@example.org,(638)936-1977x144,"6933 Justin Land, New Willieton, WY 97469",2024-03-26
10002161,Kim Herrera,cortega@example.org,(948)742-0177,"8682 Cody Fall, Keithbury, AL 20248",2023-10-27
10015030,Andre Matthews,casey91@example.com,(786)389-0382x645,"329 Alejandro Walks, New Sharonburgh, HI 73143",2024-01-17
10015956,Michael Wallace,elizabethtorres@example.com,593.693.2400x150,"710 Cuevas Lake, New Dale, ND 73010",2024-01-20
10002506,Megan Cochran,donaldschneider@example.org,721-223-3042,"32096 Wiggins Hills, North Peter, AR 87435",2023-10-08
10011546,Anna Johnson,jessicarodriguez@example.com,+1-945-313-0746,"176 Katelyn Underpass Suite 573, Marshallhaven, MO 93515",2025-05-27
10010923,Ms. Alexis Perry,roachkeith@example.com,(236)614-3209x7525,"USNV Smith, FPO AE 78137",2023-12-12
10000472,Stephanie Thomas,fowlerjoan@example.net,001-569-933-0509x6950,"58673 Sharon Cove, East Aaron, RI 36866",2024-02-19
10027356,Meredith Dean,cwilliams@example.com,701.627.9774x75467,"532 Terry Brook, North Denisebury, UT 18755",2024-05-10
10015011,James Morales,qcoleman@example.net,001-674-434-9382x58830,"690 Nguyen Landing, Annaburgh, PR 04482",2024-08-19
10005006,Kimberly Green,cameron27@example.net,466-932-7965,"15076 Fletcher Trail Suite 642, Lopezfort, ID 07968",2024-08-19
10025062,Cynthia Ortiz,vpeters@example.org,4504548251,"9953 Bauer Run Apt. 853, Elizabethtown, ME 43609",2024-06-06
10019678,Rachael Diaz,harmonpatrick@example.org,(454)400-3917,"81974 Sean Islands Suite 370, Cynthiahaven, TN 93855",2024-01-10
10002240,Amanda Jones,sharpmaria@example.org,430.406.3223x261,"711 Spencer Trace Suite 940, South Denise, WV 26062",2025-03-26
10021411,Paul Payne,jthornton@example.org,(342)376-5131x576,"2492 Gomez Neck Apt. 819, East Elizabethshire, KY 05044",2025-07-07
10019066,James Garner,lisa82@example.net,+1-648-595-5423x33297,"1158 Marsh Centers, East Ashleyburgh, TN 05208",2024-10-10
10025238,Ashley Mccarty,richard65@example.org,001-426-338-1645,"89298 Rodney Union, Whitneyburgh, HI 22449",2024-05-10
10011623,Brittany Bartlett,tyoung@example.com,566.398.1124,"42713 York Avenue, New Christina, HI 64768",2024-09-28
10011360,Dennis Roberson,josephward@example.net,(756)887-5898x7829,"107 Jake Plaza Apt. 227, Michelletown, ND 11397",2024-10-04
10013052,Adrian Cochran,thomas94@example.com,(866)848-2234x78950,"587 Emily Parkway Apt. 742, Veronicafort, OK 05969",2023-10-05
10025575,Aaron Brown,oevans@example.com,3335829705,"95290 Collier Lock, Port Franciscoton, VA 38483",2025-08-01
10023489,Valerie Daniels,crystalthomas@example.org,459-271-6827x72981,"2687 Jeremy Place, Jonesport, OK 14937",2025-08-18
10013426,Melissa Hayes,melanienicholson@example.com,722-670-7813x18040,"581 Jessica Union, Lake Hollyburgh, OH 87507",2024-05-07
10014059,Trevor Anderson,kelseyhodge@example.net,(503)436-5989,"1339 Bell Mills Apt. 665, Randyburgh, NV 10478",2025-02-11
10026299,Warren Andrews,kristinadavenport@example.com,+1-910-297-5002,"655 Randall Haven Apt. 227, Bentonmouth, CO 11581",2024-05-13
10026581,Brett Snyder,myerslori@example.net,(835)390-2349x622,"97800 Davis Plaza Suite 322, West Donna, NJ 43145",2023-10-19
10004255,Elizabeth Walters,iwilliams@example.com,355-825-4103,"05219 Chavez Mountain, Kentbury, AS 58048",2025-08-07
10021494,Ashley Wagner,wsimmons@example.net,+1-585-957-3986x956,"971 Toni Estates Suite 759, Luisville, NC 97412",2025-07-31
10002154,Jeremy White,joseph58@example.net,918.733.1982x8287,"228 Harmon Place, Cindyfort, AR 91862",2025-07-22
10020306,Michelle Morris,ljuarez@example.org,914.654.1586,"38655 Ashley Mountain Apt. 760, New Rhonda, MN 70222",2025-07-30
10025304,Jasmine Garcia,cjohnson@example.net,001-456-779-7579,"308 Brown Forges Suite 415, Fletcherland, AZ 36923",2024-07-02
10021459,Eric Hull,mcintyreerika@example.net,800-989-9267x9312,"17914 Ashley Canyon Apt. 162, East Andrea, TX 35355",2024-05-29
10025291,Edward Harmon,anthonygould@example.net,(953)950-0041x319,"0931 Whitney Expressway Apt. 317, Steventon, VA 99635",2025-01-06
10021203,Alan Robinson,ericksonmichael@example.org,(870)348-0083x2720,"PSC 4933, Box 0795, APO AE 70687",2025-01-31
10025287,Thomas Glover,cameronweiss@example.com,3074832473,"177 Lopez Mills Suite 587, Lake Susanview, MS 68538",2025-06-24
10025039,Jonathan Flores,johnsoncourtney@example.net,+1-373-877-0512x02945,"36146 Jordan Highway Suite 341, Ibarraton, ID 22796",2024-01-02
10024270,Rebecca Little,fphillips@example.com,001-855-403-0284x5141,"221 Rocha Fall, North Nicholasmouth, CO 60444",2023-11-13
10018363,Sarah Shepard,dennis64@example.net,+1-250-803-8827,"40333 Kaufman Mountain, East Jacquelinetown, OR 70391",2025-05-12
10019942,Derek Martinez,melissamcpherson@example.org,+1-539-808-0823x25038,"32507 Sawyer Islands, Port Dana, IN 10814",2023-09-16
10015325,Marissa Hobbs,flemingmichael@example.org,001-711-303-9095x706,"44140 Chavez Ville Apt. 678, Mercerberg, MA 09032",2024-09-07
10021179,Dr. Alyssa Kennedy,kristen02@example.org,776.417.0109x555,"708 Taylor Curve Apt. 815, Carrieside, FM 34583",2025-03-17
10024915,Corey Coleman,qstanley@example.net,+1-485-232-5884x540,"117 White Drives, Jennifershire, MS 03562",2024-09-28
10020909,Tanner Jones Jr.,bowenchristopher@example.org,+1-263-299-3897x3839,"3515 Neal Prairie, Michelleborough, AL 41671",2024-09-14
10022764,Philip Robinson,ecollins@example.net,250-333-7728,"PSC 7805, Box 6356, APO AP 66885",2024-11-04
10009653,Erica Phillips,christopherriley@example.net,293-659-3450x935,"2683 Camacho Drive Apt. 737, Sandersmouth, MD 03646",2024-11-19
10026078,Maria Herring,colemanchristopher@example.org,970-940-1490x97660,"0982 Williams Parks, South Gregory, PA 31866",2024-05-18
10002142,David Johnson,michaelhernandez@example.org,+1-293-744-9044x678,"7932 William Plaza Apt. 374, East Jennifer, ID 06498",2025-03-18
10025239,Jennifer Johnson,kellerelizabeth@example.com,+1-991-695-4855,"633 Wright Lake Suite 681, New Haley, MS 97503",2024-11-15
10021222,Jesse Murphy,olsenpeggy@example.net,3572379025,"774 Miles Cliff Suite 397, New Christopherchester, AL 46620",2023-09-06
10020193,Aimee Levy,oflores@example.com,545-795-7531x50055,"920 Reese Stream Apt. 856, West Zacharyhaven, IN 24300",2025-07-24
10025246,Phillip Gonzalez,shannon50@example.net,001-873-743-3329x77971,"6926 Martin Ridge, Gouldmouth, AR 21192",2025-06-20
10020390,Krista Sanchez,douglas61@example.com,917-558-6384x93263,"725 King Station Apt. 867, Robertland, OR 86785",2024-12-23
10002137,Alicia Flores,kgreene@example.org,9157033747,"91838 Spears Loaf, East Calebchester, RI 17526",2024-09-21
10002139,Jeffrey Stevenson,bcooper@example.org,+1-298-716-4253x50594,"4123 Todd Ville Apt. 513, East Andrewtown, CO 48966",2024-01-16
10006919,Leslie Sampson,sarahbanks@example.org,601-738-9444,"158 Sheila Mission, East Mark, MA 56545",2025-06-09
10024248,Karen Alexander,angela76@example.com,001-862-207-0180,"62855 Karen Highway Suite 870, West Rose, NJ 44849",2024-03-24
10021297,Carl Rosales,sarahrosales@example.org,275-411-5171x1514,"0914 Maldonado Locks Apt. 683, Jeffreyberg, FM 19975",2024-12-13
10015886,Tina Costa,joyce87@example.com,738-902-9655x4298,"43079 Justin Club, New Patrickhaven, CA 03505",2025-06-22
10010717,Shawn Lowe,lammichael@example.com,394.696.8119x466,"86721 Benjamin Expressway, East Michelle, HI 93522",2024-07-21
10026268,April Russell,turnerryan@example.com,264.313.6639,"1479 Smith Spurs, North Jamesside, WV 34252",2024-03-10
10013899,Derek Soto,brian52@example.com,001-552-672-8196,"62453 Ashley Gardens, West Nicholasberg, IA 54128",2025-01-31
10021270,Michele Thomas,thomastravis@example.org,+1-788-474-7110x30101,"816 James Viaduct Suite 492, East Devinshire, ND 96928",2024-05-24
10018580,Erin Hughes,raymondballard@example.net,(564)296-8168x69043,"354 Rogers Mill, Lake Jessica, NM 56612",2025-08-11
10022962,Jared Rodriguez,svega@example.org,298.678.2241x056,"54088 Stewart Ways Apt. 451, West James, AS 01034",2025-04-03
10019420,Phillip Wright,david97@example.net,001-989-773-4188x3906,"517 Lucas Haven, South Carrie, IN 20742",2023-10-04
10004602,Heather Wood,hodgeserin@example.net,219-922-5739x98722,"899 Bailey Manors Suite 553, Port Eric, ME 26403",2024-08-19
10019410,Ronald Gross,uhenry@example.org,790-699-9912,"79631 Morales Lake, Shahport, AS 40628",2025-05-29
10021804,Lisa Smith,dianamoody@example.com,408.965.8467x707,"332 Jeremiah Prairie, East Williamchester, KY 25148",2025-01-20
10027381,Patrick Simpson,opalmer@example.org,+1-673-662-8315x60579,"3639 Martinez Port Suite 071, South Marissa, WY 77152",2025-05-05
10010855,Crystal Burke,richardsrebecca@example.org,(713)612-2796x98614,"038 Tran Circles Suite 395, Lisaport, UT 49830",2024-10-27
10002501,Amanda Lara,mhuynh@example.net,+1-233-549-3802,"9810 Barber Ranch, Port Taylor, AS 16253",2024-08-29
10025284,Kenneth Ayers,joelnguyen@example.com,550.351.1634,"441 Smith Field Suite 270, Raytown, AS 64577",2025-04-15
10017072,Jennifer Bennett,harrisonjoseph@example.com,5822535286,"0245 Richardson Prairie Apt. 450, New Troyfurt, MA 33489",2025-01-31
10022978,Melanie Miller,thomasblevins@example.org,983.812.4427,"6716 Vanessa Ferry Suite 137, Wallacestad, AK 90634",2024-04-12
10007183,Roger Foster,nancyholloway@example.com,970-919-2795x294,"430 Chavez Point Apt. 620, Port Susan, WY 07400",2024-03-07
10000460,Joy Barber,stevenfowler@example.net,(282)820-6071,"47309 Anthony Viaduct, Lake Omar, OK 47336",2023-11-02
10003857,Michelle Suarez,rachael43@example.net,346.534.1099x507,"590 Dixon Lake, New Christine, VT 05443",2025-01-08
10011979,Jennifer Weeks,wwest@example.com,001-580-894-1369x7750,"36046 Abbott Parks Apt. 701, Lopezton, AK 28998",2025-06-20
10002746,Kevin Mccall,mark12@example.com,249.872.7382x735,"0455 Martin Ville, East Danielhaven, MS 67833",2024-01-29
10024010,Justin Jackson,baxtermichelle@example.com,4392347439,"755 Lisa Hill Suite 819, Daniellechester, MI 70390",2023-09-20
10015275,Theresa Brooks,lbrooks@example.net,001-245-730-7610x08392,"27894 Jeffrey Garden, Yodermouth, UT 17301",2024-03-12
10025037,Robin Peters,knoxtina@example.org,489.208.3819,"0188 Garcia Track, Stevenborough, VT 10546",2023-10-11
10021286,Sara Jones,kimberlymiller@example.com,291-287-2165x19521,"USNS Patel, FPO AP 75130",2024-07-23
10009672,Daniel Hines,alexander05@example.net,9838696048,"5380 Ruiz Rue, Port Lindseymouth, AS 97093",2023-12-29
10011499,Frank Glover,cnguyen@example.com,001-593-387-1925x4857,"72280 Rachel Rapids, North Joshuaside, PR 57057",2024-07-14
10017576,Julie Nash,margaretlucero@example.com,(249)306-7138,"PSC 8909, Box 4034, APO AA 94999",2024-10-12
10005922,David Rodriguez,georgepatricia@example.org,685.243.8361x67005,"4068 Kyle Coves, Wilsonport, UT 10563",2025-05-25
10025515,Susan Johnson,nathan72@example.com,(570)573-6223,"69282 Reid Hill, East Jessicafurt, HI 20580",2024-02-28
10013188,Sharon Grant,castanedarobert@example.com,7919470243,"015 Morris Dale, Amandaview, NE 38779",2025-02-24
10011089,Luis Finley,joseph77@example.net,+1-279-867-2500x3350,"50335 Zimmerman Union, Lake Bernardton, NJ 94532",2024-07-13
10018868,Kimberly Chapman,woodsdaniel@example.com,411-585-0048,"536 Kelly Green Apt. 246, Petersonburgh, KS 52598",2025-03-01
10008893,Joseph Wilson,ysmith@example.com,001-479-221-0596,"043 Megan Crest Apt. 576, East Stephaniechester, MH 60398",2024-08-09
10006093,Joshua York,woodcarrie@example.net,+1-852-235-2210x1099,"14911 Rachel Ports, Smithville, NY 62289",2024-12-13
10021107,Todd Casey,jholland@example.org,234.564.9680x2182,"8508 Chan Lodge Apt. 841, Steelestad, NC 81877",2024-10-26
10011821,Betty Murillo,tylertaylor@example.net,539.292.7281,"2918 Foster Fort, New Kimberly, WI 79894",2024-04-19
10018129,Eric Martin,tswanson@example.com,001-503-709-0453x63662,"1116 Thomas Isle, North Nicole, IA 85213",2025-06-01
10020492,Kim Smith,chavezmichael@example.net,946.477.6217,"USS Lopez, FPO AE 87523",2025-03-03
10024009,David Wheeler,vanessacurtis@example.org,920.976.4320x2775,"999 Rivas Cliffs Suite 590, East Travis, OH 15555",2025-07-25
10007536,Kristin Hall,igonzalez@example.org,(763)929-0279x535,"38735 Hernandez Port Suite 319, Kevintown, TX 54700",2023-10-14
10013232,Christina Ewing,sarahwells@example.com,(769)576-8804x74358,"644 Michelle Tunnel, East Jamesport, NV 48570",2024-05-02
10013039,Patricia Ball MD,julianbass@example.net,990.956.9284,"9649 Lowery Mission, Thorntonside, ND 04854",2025-03-21
10012128,Amanda Watson,bentonrobert@example.org,(560)829-3067x67214,"700 Brian Inlet, Pughmouth, AR 17486",2024-11-11
10007253,Chelsea Bradley,rmatthews@example.com,(787)262-5629x47107,"04637 Bradley Club, East Christopherhaven, WY 86018",2025-01-26
10025299,Rebecca Stevens,david86@example.net,206.538.6424x462,"055 Thomas Gateway, North Christopher, SD 04412",2025-04-12
10019682,Colleen Allen,jessica46@example.net,520.981.8239x41402,"52263 Graham Flat Apt. 370, Scottstad, MN 86825",2024-02-10
10020662,Samuel Delacruz,youngdiane@example.com,(680)730-0380x219,"33058 Karen Squares, Lake Susan, KY 81064",2024-09-28
10007121,Tara Byrd,svillarreal@example.org,604.497.7766,"94950 Greer Knoll, North Melissashire, NH 55332",2024-01-11
10024725,Dr. Keith Sanchez,johnsonsheryl@example.com,(314)420-6250x2253,"3828 Hayes Station, East Lauren, CT 20018",2024-12-28
10027575,Frederick Elliott,dcollins@example.org,591.431.5477x037,"Unit 6061 Box 8124, DPO AP 88069",2024-09-21
10020364,John Summers,brendajohnston@example.org,843-985-1533,"639 Mary Alley, West Laurie, AS 99833",2024-12-24
10021242,Kristina Miller,sarahdrake@example.org,322-353-6330,"Unit 7217 Box 2094, DPO AE 40396",2025-05-16
10025296,Debbie Nguyen,christopherochoa@example.com,672-296-7978x721,"81474 Sara Walk Suite 680, North Andrea, TN 26129",2025-04-10
10024034,Cody Reed,carla25@example.org,+1-662-583-9130x61418,"Unit 7012 Box 1862, DPO AP 43490",2023-12-26
10023759,Sherry Velez,castillojoy@example.com,365.450.2654,"3619 Juan Glen Apt. 323, Christinaville, VA 47770",2025-05-25
10006983,Barbara Daniels,krausecatherine@example.com,001-529-378-9060,"7567 Christopher Springs Suite 510, Hubbardshire, ID 25499",2024-08-24
10020849,Teresa Richard,wangmatthew@example.org,492.753.9002x56919,"383 Brian Meadow, Lake Steven, TX 28276",2025-01-05
10020449,Jacob Taylor,bonniebailey@example.net,(249)459-4248x106,"510 Patricia Road, Port Matthewside, FM 21070",2023-08-30
10007258,Michael Smith,drakejason@example.net,+1-612-319-3808,"60019 Watts Brook Apt. 516, Macdonaldtown, NV 64762",2024-03-24
10013670,Catherine Pierce,brandon69@example.com,920-350-9571,"59139 Justin Crossing Apt. 176, Rachelberg, GA 80231",2025-06-28
10006916,Garrett Ruiz,nancy40@example.com,360.562.3266x0160,"6672 Ray Field, West Jacob, NV 52490",2023-08-25
10013341,William Garrett,brodriguez@example.org,001-858-383-4838x5877,"780 Adams Mission Apt. 755, North Joe, AZ 76820",2025-02-24
10018871,Ashley Lopez,don77@example.org,368-988-6425,"64007 Tristan Isle Suite 060, Harrismouth, MH 49522",2025-08-12
10005236,Terry Kelly,martinezwilliam@example.net,663-215-2758x1319,"81441 Cody Rue, East Morgan, MI 31298",2025-04-17
10020256,Lori Romero,vphillips@example.org,001-227-259-3389,"430 Michelle View Apt. 261, South Brandon, GU 87367",2024-03-02
10015824,Sara Jackson,balljessica@example.com,202-969-0821x062,"876 Sheryl Plains Suite 091, North Cynthia, MA 68975",2023-11-07
10020281,Ashley Santos,timothygarcia@example.net,984.450.5032x8469,"52267 Gabrielle Lights Suite 042, Mccoybury, KS 51809",2025-01-09
10024704,Taylor Harvey,sarah75@example.net,(831)859-3467x4599,"8019 David Ramp Suite 802, East Kelseystad, VT 54913",2024-07-06
10022166,William Smith,gonzalesanthony@example.com,001-300-999-2325,"967 Pugh Divide Apt. 798, Sandershaven, NH 45494",2024-06-04
10011600,Sheryl Romero,hodgejustin@example.net,(252)691-0335,"2369 Jordan Corners Suite 642, West Caroline, IA 29787",2024-08-19
10025242,Wendy Holmes,gainesjames@example.org,342-545-7239x5402,"1429 Taylor Passage, Natalieville, MO 61558",2024-03-25
10002114,William Davidson,robert57@example.org,375.893.9315x059,"PSC 5658, Box 9719, APO AE 23758",2025-03-03
10023022,Joshua Stein,david60@example.com,001-622-436-2643x214,"823 James Divide, Moorehaven, NJ 20864",2023-12-03
10020864,Christine Ali,matthewblackwell@example.org,+1-773-975-9237,"4487 Erin Light, Christopherside, LA 94645",2024-11-12
10020915,Diana Parker,cwilson@example.com,382-805-0585,"373 Hardin Brook Apt. 074, Port Nathan, WV 54302",2024-06-10
10021412,Jamie Harper MD,nicolas90@example.net,(208)721-0710,"2937 Nielsen Square Apt. 702, Kimberlyland, ME 39529",2025-04-06
10021380,Michelle Murphy,jdecker@example.org,(554)622-3514x48720,"USCGC Beasley, FPO AP 02294",2025-08-16
10011093,Christopher Thompson,hharper@example.org,5234124219,"606 Wood River, East Jennifer, KY 20931",2023-09-16
10006917,Joseph Mendoza,cevans@example.com,(374)450-4951x2384,"2822 Kara Corner Suite 861, West Terri, NJ 54125",2023-10-05
10012158,Isaac Levine,roachderek@example.org,659-672-5796x57322,"6371 Charles Rapids Apt. 298, North Keithshire, GU 46202",2024-10-15
10020715,James Bell,justin66@example.net,+1-567-731-8626,"87659 Fischer Rapids, Burkeview, IL 59649",2025-04-22
10026843,Patricia Gardner,lewisrichard@example.com,(898)841-7296,"61595 Miller Rue Suite 874, Summersview, NV 29883",2025-08-02
10013870,Jasmine Martinez,hweaver@example.net,5622564796,"40540 Alexandria Track, Port Amberberg, MT 93062",2024-02-19
10020388,Chris Benitez,rwalton@example.org,+1-482-792-6406x870,"2335 Gibson Ports Suite 702, East Haley, HI 61014",2025-04-07
10025791,Christopher Arnold,brittany00@example.net,879.932.6809,"4596 Myers Plaza Apt. 179, Joanmouth, AS 72613",2025-01-17
10009633,Travis Lynch,lisaaguilar@example.net,(568)323-0541,"983 Christian Lodge, New Johnny, FM 69509",2025-02-07
10008134,Stacey Gardner,scottanthony@example.net,001-687-626-1128x234,"Unit 0744 Box 9763, DPO AE 67108",2024-08-31
10024499,Karen Frost,maryjohnson@example.org,001-700-874-7004x4582,"4427 Short Causeway, North Mark, WV 97817",2025-02-23
10012600,Elizabeth King,maria70@example.org,(407)656-7784,"473 Bell Mews, West Sherri, NM 79036",2024-07-26
10010935,Carol Walker,msullivan@example.org,848-894-8645,"25869 Avery Lakes Apt. 397, Shawnchester, LA 28513",2024-01-07
10025249,James White,farrellshannon@example.com,(983)272-3365,"PSC 5315, Box 7968, APO AA 17073",2024-02-13
10002709,Cynthia Jennings,nicholaswelch@example.com,309-247-2669x745,"1256 Teresa Glen Suite 804, Edwardshaven, PR 87387",2024-10-02
10010974,Ashley Perez,daviszachary@example.net,227-686-6693x246,"559 Moore Wells, Mcdanielhaven, MO 20039",2024-10-16
10017553,Gerald Sparks,zvelasquez@example.net,754.549.5558x19088,"76657 Johnson Walk, Ericaville, HI 52153",2023-09-12
10021145,Christopher Goodman,blackmark@example.net,859-848-2756x66298,"4959 Deborah Mill Apt. 142, South Mary, LA 71947",2024-01-26
10009156,Laurie Fox,agarcia@example.com,(511)815-9198x194,"22979 Ashley Islands, New Regina, NC 25099",2025-07-10
10000473,Lindsey Lopez,qanthony@example.org,+1-583-952-0540x1830,"764 Pierce Burg Suite 788, East Kimberlyhaven, FM 28385",2024-04-16
10010832,Amanda Graham,smithkyle@example.com,8439713414,"8099 Cohen Street Apt. 384, Medinaside, CT 87097",2025-06-12
10019952,Amanda Thomas,samantha73@example.org,(874)641-3076x584,"8186 James Squares, Douglasview, LA 17977",2023-09-11
10000474,Molly Choi,brandonsmith@example.org,599-789-1431x3539,"USNS Mercado, FPO AA 20488",2024-10-09
10009654,Keith Wells,adamdickson@example.org,+1-280-387-1423x3830,"54017 John Lake, Josefurt, NC 48716",2024-06-24
10026861,John Whitney,zsims@example.org,631.334.4389x87136,"0824 Morales River Apt. 418, Hillview, FM 23625",2024-08-08
10020491,Natalie Mcdonald,alexandrawilkins@example.com,854-873-2333,"50044 Whitehead Common, Peterborough, SD 31713",2025-05-05
10021305,Alex Pugh,jonathan86@example.com,001-273-703-9289,"92021 Valerie Ranch Suite 798, Ramirezport, ME 17520",2023-09-21
10024524,Tiffany Johnson,jamiephillips@example.net,(646)327-9478x884,"194 Johnson Flats, Micheleland, CA 30437",2025-05-31
10021111,Joanna Cole,shelby13@example.net,256-930-9479,"62567 Debbie Mountain, New Robert, NV 63736",2024-11-02
10013871,Raymond Owens,jamesscott@example.net,001-527-896-2229,"149 Hart Pine, Thomasside, MD 11954",2025-07-30
10025302,Christine Villa,rjackson@example.net,8003935559,"04674 Wade Springs, Clarkfort, FL 44725",2025-04-24
10007566,Christopher Hunter,mbaker@example.org,001-973-698-0403x64404,"962 Jacob Meadow Suite 557, New Markport, CO 34892",2025-04-16
10024255,Ashley Brooks,benjaminscott@example.net,402-400-9431x95968,"539 Curtis Drive Apt. 059, Brandyburgh, SC 79047",2025-01-28
10012369,Jeremiah Hurley,james41@example.org,001-750-287-8927x62031,"24929 Moore Grove Apt. 268, Gardnershire, FL 80339",2024-12-31
10020413,Joseph Wall,karnold@example.net,779-649-0400,"49808 Patrick Plaza, West Steve, WY 82891",2025-03-18
10020868,Courtney Werner,russellcrystal@example.net,891.644.9382x3039,"06971 Montes Plaza, South Ashley, MN 52649",2024-12-10
10014546,Carla Russell,cooktina@example.com,+1-802-720-7551x827,"629 Scott Route Suite 028, Dianachester, NE 27805",2024-07-24
10013061,Shannon Smith,castanedapaul@example.net,539-444-1433,"PSC 0307, Box 3286, APO AA 11942",2025-03-29
10009657,Paul Cole,valeriedavis@example.net,423.325.9388,"8647 Robin Square, Rosestad, NE 97433",2024-05-30
10005861,Gregory Franklin,gonzalesteresa@example.org,(411)411-3179x1008,"389 Campbell Bypass Suite 269, Lake Gregory, GA 78059",2024-06-22
10023780,Riley Simmons MD,nathan28@example.net,482.535.6110,"17923 Castro Walk Apt. 131, South Chad, MI 90497",2024-06-03
10021331,Susan Joseph,laura28@example.net,309-645-3356,"28238 Gilbert Trafficway, Perryport, MT 58329",2025-01-16
10025285,Heather Kline,heidi53@example.com,(753)656-5060x8718,"435 Dwayne Falls Apt. 283, Andersonport, IN 42674",2025-04-04
10011842,Cody York,steven38@example.net,267-443-7624x2244,"283 Bright Roads, North Marcustown, NY 80588",2025-05-28
10025247,Kyle Nixon,shaunwagner@example.com,001-825-701-1955x48363,"19318 Joshua Fords, Jamieburgh, GU 77324",2024-02-25
10017852,Jeff Wright,nguyenvictor@example.org,7815132795,"Unit 1781 Box 9824, DPO AE 19413",2023-09-24
10002150,Brenda Brown,lwalker@example.com,(617)285-5856,"7160 Sierra Plaza Apt. 431, West Stephaniefort, NV 59282",2023-12-18
10018628,Daniel Miller,gmartin@example.org,(911)821-2429x08802,"801 Cook Extension Suite 637, Lake Hannahfort, VI 98624",2025-07-19
10018623,Matthew Flores,justinsmall@example.org,280.321.6467x7693,"534 Jared Rest, East Lauren, NJ 74844",2023-12-11
10025919,Scott Collins,stephenpage@example.net,6767204425,"465 Rebecca Union, New Mollyfurt, MO 77751",2024-10-28
10013127,Carla Rodriguez,gutierrezheather@example.net,+1-758-493-5900x8468,"USS Hunter, FPO AE 25725",2025-07-15
10027053,James Lucas,cheyenne50@example.net,2833845053,"8746 Justin Villages, East Cheryl, WY 05880",2024-03-06
10025038,Mark Long,laura39@example.net,001-718-619-4060,"USNV Carlson, FPO AP 92809",2025-07-17
10019469,Mary Barajas,robert78@example.org,001-880-237-2489x3291,"9451 Michael Club, New Jeremiah, WV 07847",2025-01-15
10011732,Jordan Kelly,mooreannette@example.com,001-803-212-2082x1469,"51271 Carey Islands, Stewartburgh, OH 49606",2024-09-10
10009660,Sonya Rogers,hgriffith@example.net,831.667.2675x87031,"626 Mendoza Tunnel, Billyland, NC 84558",2024-06-17
10023703,Randall Grant,nicholedean@example.net,+1-463-340-0312x67709,"26596 Pena Manor, Jonbury, MN 50468",2023-09-24
10020227,Anthony Johnston,samanthanavarro@example.com,(867)337-0242x45696,"071 Kristen Fork Suite 413, West Kathleen, PA 25670",2024-12-15
10002140,Jennifer Davis,daisysalas@example.org,(589)765-0540,"908 Campos Street Apt. 905, New Anthony, ND 74140",2024-07-22
10020184,Nicole Wallace,kevin84@example.org,737-489-1719,"8652 Denise Radial, East Daniel, PR 56119",2024-05-19
10022168,Robert Hampton,nguyenann@example.com,3528314457,"6188 Daniel Rue, Port Erika, NV 13105",2025-05-09
10009356,Alisha Chan,kelly73@example.com,(688)981-9665,"550 Glenn Islands Apt. 734, Alexburgh, PA 98377",2025-02-22
10024006,Joseph Alvarez,emurphy@example.org,212-587-3860,"2623 Thomas Causeway Suite 712, Nelsontown, SC 38595",2024-12-09
10025264,Thomas Lang,jenniferaguilar@example.com,+1-211-528-0131,"4681 Ashley Mission Suite 052, North Nicole, ND 08650",2025-01-10
10016045,Sandra Santiago,umarshall@example.org,+1-623-658-8621,"3415 Cruz Grove Apt. 387, Gabrielview, KS 90113",2024-04-14
10004302,John Jones,eroberson@example.org,001-593-408-9414x95708,"5907 Brittany Passage, Hernandezborough, MH 45466",2024-06-24
10024260,Kayla Dunn,randallhanson@example.org,001-957-349-4323x6425,"11003 Michael Brook Apt. 099, West Julie, WY 05439",2024-01-13
10021204,Sherry Oneal,vthornton@example.net,+1-493-481-8618x3000,"5138 Tran Ramp Apt. 866, Lorishire, OK 41862",2024-11-07
10006805,Derrick Jones,gshaffer@example.com,288.762.0975,"506 Wilkinson Junction Suite 356, Lake Catherine, MN 84857",2024-01-25
10022249,Michelle Hall,david52@example.net,(717)947-3863x501,"4796 Anna Tunnel, New Rachelfort, LA 41313",2024-10-28
10011734,Jennifer Hickman,raymondwright@example.com,001-884-814-1341x953,"49587 Jackson Forge, Michaeltown, PW 72617",2025-06-23
10027560,Jennifer Martinez,owood@example.net,453-906-3260x54562,"497 James Fields, Pearsonview, ID 21912",2025-06-08
10020931,Mark Lopez,rodriguezshawn@example.net,001-676-273-7369x49719,"980 Tammy Harbors Suite 033, Kevinport, DE 14079",2025-02-15
10009985,Ryan Thomas,lowemichael@example.com,+1-555-837-5611x137,"816 Christopher Centers, New Kevin, VT 69779",2023-12-10
10010884,Matthew Baker,katrinaburnett@example.com,001-819-343-6715x39564,"911 Cynthia Corner Apt. 344, North Richard, DE 67943",2024-05-06
10023778,Blake Cook,jjohnston@example.net,(692)514-1599x789,"20987 Simmons Gardens Apt. 409, Smithville, NM 19862",2023-09-29
10022490,Wendy Evans,ericakrause@example.com,001-319-938-0032,"24047 Jesse Fort Apt. 466, Petersonfort, SD 01630",2024-06-04
10010914,Lynn Wong,timothy56@example.net,(756)853-3461x89699,"15387 Michelle Parkway Apt. 089, Mccoymouth, NH 22342",2025-07-25
10026062,Julie Edwards,james65@example.net,3429795934,"5464 Williams Corners, East Danielmouth, NM 92493",2024-06-16
10021231,Ashley Bell,stephaniereynolds@example.net,453.217.4753x08500,"88223 Adam Isle, Oscartown, AL 18660",2025-04-08
10009669,Michael Jacobs,nwebster@example.org,266-349-2981,"62149 Michael Stravenue Suite 182, Peterberg, ID 47228",2024-05-31
10013238,Donna Carter,loganjerry@example.net,227-501-1052,"1909 Chan Pike, Port Amanda, MN 50591",2025-07-06
10016542,Nicole Austin,eatonandre@example.org,+1-542-340-5300x2851,"44286 Pace Mall Suite 077, North Rebecca, WI 13710",2023-09-07
10019880,Samuel Warren,rhonda59@example.net,+1-576-471-7136x20288,"477 Lawrence Harbors Apt. 063, Russellbury, FM 84021",2023-11-27
10018644,Katie Sutton,natalie21@example.org,(421)306-9095,"000 Vincent Corner Suite 128, Lake Rodney, GU 65316",2024-05-24
10007120,Rickey Cunningham,iesparza@example.com,361.591.3732x7719,"USNV Morris, FPO AA 74259",2025-01-13
10025051,Matthew Grant,tiffany77@example.com,001-947-445-6229x2712,"749 Brianna Ford, New Stephenberg, KS 46619",2023-12-31
10007309,Ethan Lopez,andreawilliams@example.com,001-310-307-6627,"898 Amanda Wall Apt. 405, Nobletown, NC 51369",2024-06-02
10007134,Lynn Stephens,mblake@example.org,(275)783-1255,"3722 Elizabeth Villages, Port Robert, WY 68032",2024-07-06
10009679,Howard Torres,elizabethholt@example.com,580.799.9672,"20499 James Bypass, Karenmouth, VI 83404",2024-01-09
10023783,Jay Gardner,stephennewman@example.net,(583)314-2518x067,"22091 Jacobs Valleys, Port Ronnie, IA 20459",2024-04-17
10018867,Christina Alexander,heidi78@example.org,+1-933-948-8345x85898,"895 Heather Port, Paulaview, LA 32626",2023-09-20
10022725,Philip Smith,fnguyen@example.org,4793227206,"9007 Castillo Union, North Melissa, NH 89920",2023-09-19
10026023,Anita Dean,regina45@example.net,373-664-2452x22583,"7120 Sarah Ranch, Evansstad, VA 22434",2025-03-11
10010969,Joshua Nguyen,dyoung@example.net,622-483-7592,"86613 Krystal Estates Apt. 086, North Lukeberg, NY 17058",2025-03-25
10025243,Alan Mcdonald,david05@example.com,001-449-356-2605x506,"68290 Alexander Drive, Phillipsfort, NE 79738",2024-03-28
10007117,Cathy Stanton,bauerjay@example.com,(481)344-1103,"58292 James Roads, Joshuamouth, VI 40998",2024-05-17
10025560,Shaun Tucker,christopher92@example.com,001-380-726-9990x972,"USS Rhodes, FPO AE 18600",2024-06-04
10007122,Richard Molina,donald12@example.org,348-528-9160x702,"7539 Blair Crossing Suite 554, Jacksonstad, ME 57225",2023-10-08
10025289,Todd Wiley,joseph60@example.com,+1-985-999-7160x5053,"4223 Jacqueline Cove Apt. 569, Lake Anthonymouth, AL 02781",2024-01-26
10023516,Bryan Rios,farmercindy@example.com,326-695-3512,"9958 Hernandez Coves, Wilsonton, MA 93215",2024-08-16
10010897,Kerri Jones,rodriguezamy@example.net,568-866-9097x5430,"USNV Thompson, FPO AA 14756",2023-12-24
10022755,Jon Higgins,katherinegrimes@example.org,+1-351-872-3437x774,"29973 Young Ranch Apt. 181, Stewarthaven, GA 74786",2024-05-25
10022431,Anna Cole,vschmitt@example.org,(565)499-6095,"33411 Erin Rue Apt. 305, Williamsonton, MT 42444",2024-03-22
10016047,Dakota Munoz,smithangela@example.net,455.851.5904x3389,"518 Edwards Lodge, North Stephen, PA 84096",2024-02-15
10023513,Michael Jackson,max10@example.com,356-761-4763,"951 Gloria Route Suite 534, Williamville, NY 33871",2024-10-18
10022678,Nicole James,daniel75@example.net,(870)399-9011,"946 Jared Stravenue, Meadowshaven, OR 22497",2024-08-28
10012235,Andrew Reed,hnorris@example.com,8188796612,"60307 Brooks Creek Suite 071, Tiffanyton, WY 55841",2025-04-11
10010698,Jason Summers,desiree97@example.com,6306099009,"10442 Alyssa Common Apt. 228, Joannaside, NM 24798",2024-03-25
10007355,Robert Anderson,parkertaylor@example.net,(937)856-5767,"271 Wilson Squares, Andrewfurt, CO 45834",2025-03-16
10016564,Mary Williams,matthewbrown@example.org,801.288.3793x2223,"639 Shannon Shores Apt. 025, Seanburgh, VT 63466",2024-11-08
10000455,Joseph Morrow,julia54@example.org,001-309-938-9179x4149,"4217 Henderson Grove, Andrewberg, NM 48939",2024-09-10
10023495,Dustin Crosby,johnnicholson@example.net,+1-320-636-1840x313,"3859 Tammy Crest, Meganmouth, AS 84658",2023-09-08
10011724,Christopher Carter,ncalhoun@example.net,(464)338-4356x5715,"90456 Preston Junctions, East Donald, NM 79404",2024-03-25
10017307,Cody Ferguson,jfoley@example.org,(938)916-3151,"57476 Kimberly Ford, Shelleyborough, IN 34522",2023-11-12
10000462,Maurice Mosley,gjones@example.com,8208296642,"59779 Angela Forges Apt. 386, North David, KY 08255",2024-06-15
10002520,Nicole Holt,sarawilliams@example.com,001-657-427-6700x992,"735 Young Haven, Bakerville, MH 77802",2025-01-18
10009642,Mr. Robert Watkins,cathyowens@example.com,001-591-754-3540,"9625 Michelle Mountains Apt. 452, Port Christopherfort, WY 42127",2025-07-14
10016303,Morgan Madden DDS,scottadams@example.org,226-987-0330,"412 Miller Haven Apt. 363, Larryberg, AR 91651",2024-10-03
10026521,Tiffany Hammond,alexanderduffy@example.org,+1-868-203-9454x820,"2191 Joseph Fords, Blakeland, IL 01243",2024-11-23
10022470,Devin Russell,millerandrew@example.com,001-206-262-6069,"56513 Sarah Stream, North Beverly, WI 81706",2024-07-22
10005810,Jessica Jones,martinmichelle@example.org,+1-916-518-9209,"8795 Brown Meadow Suite 957, Nguyenshire, AZ 48825",2023-10-06
10013509,Matthew Walker,kyle05@example.net,(867)564-5597x52772,"2510 Ricardo Alley, Sanchezside, NJ 40908",2023-08-25
10013472,Shannon Kennedy,robertsjamie@example.net,001-844-292-3627x81445,"181 Rachel Springs Apt. 275, Colleenport, WA 85689",2024-09-07
10026006,David Cortez,alexanderjeremy@example.org,525-741-9610x60618,"1154 Smith Loop Apt. 447, Cynthiatown, VT 28378",2025-03-09
10026009,Joshua Escobar,johnwilliams@example.com,794-881-4431x30853,"1417 Katherine Terrace, New Laura, IA 61202",2024-08-26
10018877,Edward Sharp,nkane@example.net,+1-938-308-4973,"PSC 3531, Box 5600, APO AE 19678",2024-12-12
